report_date,smi,pos,neg
19951229,-0.14484314108417018,1.0,1.0041076567609202
19960105,-0.5654421983878546,1.0,0.9798479112555659
19960112,-0.5287635196150613,1.0,0.9961621877224234
19960119,-0.5269634514394657,1.0,1.0121019187445357
19960126,-0.4333733343451081,1.0,1.0352545228878574
19960202,-0.11581108369253434,1.0,1.0686807642759968
19960209,-0.3832813523956813,1.0,1.055020408515086
19960216,-1.0371809634665383,1.0,1.0590583340756483
19960223,-1.8652858499720053,1.0,1.0354211868526941
19960301,-0.1003778381600542,1.0,1.0179544779566927
19960308,0.11464487683651647,1.0125177474348854,1.0179544779566927
19960315,0.1038448203073452,1.0270244593528017,1.0179544779566927
19960322,0.012277462040966913,1.0189423835832674,1.0179544779566927
19960329,0.06953477187010937,1.0169534175217048,1.0179544779566927
19960405,-0.08782281204782327,1.0169534175217048,1.0179544779566927
19960412,-0.876655321115727,1.0169534175217048,1.0313201921316784
19960419,-1.2039425937679926,1.0169534175217048,1.044733917445042
19960426,-1.2030132386988095,1.0169534175217048,1.0258204115108545
19960503,-1.470425164091184,1.0169534175217048,1.042543607104634
19960510,-2.194060382041892,1.0169534175217048,1.0694348743347417
19960517,-1.7346454054108584,1.0169534175217048,1.0847831495542888
19960524,-1.4303939211276642,1.0169534175217048,1.0674684161268682
19960531,-1.3527517040494883,1.0169534175217048,1.0741528612180313
19960607,-1.3493094906566498,1.0169534175217048,1.0622516507802657
19960614,-0.8157937532005519,1.0169534175217048,1.0638311106391134
19960621,-0.7259245672986693,1.0169534175217048,1.069877383120951
19960628,-0.4713648421103842,1.0169534175217048,1.0410177875122706
19960705,-0.3410663819535207,1.0169534175217048,1.0232040705588064
19960712,-0.4731180112363727,1.0169534175217048,1.0113915620810625
19960719,-0.4534130621057381,1.0169534175217048,1.0069104922877508
19960726,-0.5742655482943666,1.0169534175217048,1.0490141481211943
19960802,-0.2234759203018869,1.0169534175217048,1.0483965837652929
19960809,-0.3701474910001807,1.0169534175217048,1.0533211596902934
19960816,-0.09913254579543927,1.0169534175217048,1.0562030343170776
19960823,-0.08361611412965042,1.0169534175217048,1.0323880122979607
19960830,0.2108049719574032,1.0353119233989172,1.0323880122979607
19960906,0.6200562335575062,1.0745655824411235,1.0323880122979607
19960913,0.9606507579685856,1.0848133058054188,1.0323880122979607
19960920,1.1357247675697157,1.0834869118657502,1.0323880122979607
19960927,1.5837284579347932,1.1075981154182732,1.0323880122979607
19961004,1.5277090531118285,1.1063348463268778,1.0323880122979607
19961011,0.6998007391263161,1.1223774348679902,1.0323880122979607
19961018,1.4556834078145104,1.1067453994260679,1.0323880122979607
19961025,0.6190349675846547,1.1112455783544009,1.0323880122979607
19961101,0.21404758345398325,1.1539572278905574,1.0323880122979607
19961108,0.20967900177198492,1.1646943385703545,1.0323880122979607
19961115,0.15943612823926134,1.1822368899095457,1.0323880122979607
19961122,-0.3147195983749849,1.1822368899095457,1.0431844501797154
19961129,-0.15176910461507245,1.1822368899095457,1.019179379584295
19961206,-0.2754793792217447,1.1822368899095457,1.0040763960597958
19961213,-1.036472051567901,1.1822368899095457,1.0319535987835053
19961220,-0.8095999171158116,1.1822368899095457,1.03881608406017
19961227,-0.19305183968565376,1.1822368899095457,1.0262700257100552
19970103,-0.5897128860836283,1.1822368899095457,1.042006409246422
19970110,-0.31209371746751197,1.1822368899095457,1.0648770203432343
19970117,0.3584062453780671,1.1736310499111906,1.0648770203432343
19970124,0.35485563284471433,1.1974533179684848,1.0648770203432343
19970131,0.3299418487470578,1.2026321255359693,1.0648770203432343
19970207,-0.4852468056476802,1.2026321255359693,1.0903943389867095
19970214,-0.5926050231860627,1.2026321255359693,1.0928220592618594
19970221,-1.070378978055305,1.2026321255359693,1.0778970614980317
19970228,-1.0502560647587909,1.2026321255359693,1.0971836304782001
19970307,-1.2222194323719853,1.2026321255359693,1.0811001066948773
19970314,-1.055663173783253,1.2026321255359693,1.0687375794364253
19970321,-1.413174478067999,1.2026321255359693,1.0319635449130768
19970328,-1.4235393999786476,1.2026321255359693,1.0319635449130768
19970404,-1.3750618242624442,1.2026321255359693,1.0043909612968374
19970411,-1.8170223076791363,1.2026321255359693,1.0434555295273389
19970418,-1.8415852899060337,1.2026321255359693,1.0421347251604043
19970425,-1.0703314434114362,1.2026321255359693,1.1069472840932923
19970502,-1.1185710130348314,1.2026321255359693,1.1230279661534226
19970509,-0.9908199455291806,1.2026321255359693,1.1297951237320787
19970516,-0.18286811770135114,1.2026321255359693,1.1533237679045991
19970523,0.017078226156297727,1.2016807821215287,1.1533237679045991
19970530,0.04080390039921456,1.2154643568590966,1.1533237679045991
19970606,0.2878309753635002,1.2654139901710613,1.1533237679045991
19970613,-0.3629500639188298,1.2654139901710613,1.1603345694460319
19970620,0.494928292923761,1.249362193503359,1.1603345694460319
19970627,0.3524081326379153,1.28442265673299,1.1603345694460319
19970704,0.5864625649349189,1.28442265673299,1.1603345694460319
19970711,-0.061145237935756665,1.28442265673299,1.1585877575599475
19970718,1.1488564512634585,1.3173857024644307,1.1585877575599475
19970725,1.3888106518592247,1.3291031468520287,1.1585877575599475
19970801,1.6086507485320225,1.3100184796563297,1.1585877575599475
19970808,1.1289045674165914,1.2640891358154365,1.1585877575599475
19970815,0.994346140107468,1.2959856743075657,1.1585877575599475
19970822,1.574175166957875,1.2622087020101276,1.1585877575599475
19970829,0.9302337446398868,1.306734850916257,1.1585877575599475
19970905,0.6485627930591664,1.29950527573571,1.1585877575599475
19970912,0.034370397903540566,1.3369189734188553,1.1585877575599475
19970919,-0.4616312842385874,1.3369189734188553,1.1521396672106259
19970926,-0.6898693463038711,1.3369189734188553,1.1762863783802981
19971003,-0.5817239222142878,1.3369189734188553,1.1786631964386811
19971010,-0.3869449011290168,1.3369189734188553,1.1508476232627265
19971017,-0.26609947153886804,1.3369189734188553,1.1477760170117148
19971024,-0.7355676556541059,1.3369189734188553,1.114840998914404
19971031,-1.6997916941153133,1.3369189734188553,1.1305527888131386
19971107,-1.0471930154263671,1.3369189734188553,1.1315766331852422
19971114,-1.034566597141977,1.3369189734188553,1.1739216872742655
19971121,-0.8331573151028007,1.3369189734188553,1.188158567218524
19971128,-0.28779083152391904,1.3369189734188553,1.223465000357194
19971205,-0.07665661609836194,1.3369189734188553,1.1856588714329437
19971212,0.35419542139940674,1.3276499276365443,1.1856588714329437
19971219,1.9204329452653381,1.3368628275625587,1.1856588714329437
19971226,1.6277459170083093,1.3948364496061625,1.1856588714329437
19980102,0.8194518571920464,1.3271002809331105,1.1856588714329437
19980109,0.8158608272568482,1.3754812508920387,1.1856588714329437
19980116,1.7776813260148756,1.3689579784477868,1.1856588714329437
19980123,0.8891508424507611,1.401395303809464,1.1856588714329437
19980130,1.2138934768028544,1.4473993942047623,1.1856588714329437
19980206,1.2012020628933588,1.4583071479676848,1.1856588714329437
19980213,1.8177040985535942,1.4841111709699908,1.1856588714329437
19980220,1.4239102988849959,1.505823018935195,1.1856588714329437
19980227,1.7907396514154388,1.5149353551031508,1.1856588714329437
19980306,1.3251607149791929,1.533475866559145,1.1856588714329437
19980313,1.0347808413451882,1.5773157740289403,1.1856588714329437
19980320,1.6555702671275652,1.571977369075841,1.1856588714329437
19980327,1.648589983534809,1.6110960073479332,1.1856588714329437
19980403,0.8072808323447509,1.592426392952843,1.1856588714329437
19980410,-0.1318189958916577,1.592426392952843,1.1856588714329437
19980417,0.5675702589009626,1.5714063030332328,1.1856588714329437
19980424,0.7459285278079485,1.5899868467736888,1.1856588714329437
19980501,1.3532697541998175,1.57174669779982,1.1856588714329437
19980508,1.9621572391430997,1.5725834833395678,1.1856588714329437
19980515,2.1066892204467567,1.575051425180339,1.1856588714329437
19980522,2.1619702128858056,1.5474075096283875,1.1856588714329437
19980529,2.0343136033117784,1.5800914823605205,1.1856588714329437
19980605,2.210408459890707,1.5587844918891884,1.1856588714329437
19980612,2.636013856196081,1.5613521909419366,1.1856588714329437
19980619,2.6174115126582462,1.6075266321614554,1.1856588714329437
19980626,2.5980621490834532,1.6417568010186452,1.1856588714329437
19980703,2.3568906996135173,1.6417568010186452,1.1856588714329437
19980710,1.5040918953243352,1.6733700559438989,1.1856588714329437
19980717,1.1930373182388307,1.6085785901124352,1.1856588714329437
19980724,0.8129359082742726,1.5801943915929484,1.1856588714329437
19980731,-0.6062079692688443,1.5801943915929484,1.1526282926014715
19980807,-0.5157689036009718,1.5801943915929484,1.1243799835300683
19980814,-0.2911933781549012,1.5801943915929484,1.143942227380147
19980821,1.2554380777736251,1.5011291721495583,1.143942227380147
19980828,1.710145101904863,1.423306161411374,1.143942227380147
19980904,2.2661285309923245,1.504899687520301,1.143942227380147
19980911,1.6734222494624804,1.5213497372976579,1.143942227380147
19980918,1.7629167330264095,1.558127318150644,1.143942227380147
19980925,1.996027568421724,1.4952652900529124,1.143942227380147
19981002,2.5429858949489903,1.4681071778762598,1.143942227380147
19981009,2.2337226886830135,1.575531878438196,1.143942227380147
19981016,2.490037694172912,1.5967841534165608,1.143942227380147
19981023,2.0953698779291883,1.6385430095144005,1.143942227380147
19981030,1.8533198586388888,1.7016883147780228,1.143942227380147
19981106,1.2394755716313588,1.6788849384090458,1.143942227380147
19981113,0.983739401803616,1.7353042521009046,1.143942227380147
19981120,0.6413257829140993,1.7354234974972673,1.143942227380147
19981127,0.21159854264901054,1.71273246873846,1.143942227380147
19981204,-0.03237254689919267,1.71273246873846,1.1339487204272707
19981211,-0.6536376775124684,1.71273246873846,1.1549175936213065
19981218,0.2360054368352957,1.7667369045828814,1.1549175936213065
19981225,0.2517771852601016,1.7667369045828814,1.1549175936213065
19990101,0.8844810623603205,1.7667369045828814,1.1549175936213065
19990108,1.1403540462987931,1.7226340103276148,1.1549175936213065
19990115,1.3730999145816316,1.7097758027392758,1.1549175936213065
19990122,1.4335212403605766,1.7857619138450989,1.1549175936213065
19990129,0.9488420111221753,1.7296062431104124,1.1549175936213065
19990205,-0.09286510946226834,1.7296062431104124,1.1462794559506686
19990212,-1.2218833979361612,1.7296062431104124,1.1854258967427391
19990219,-1.2258000787869092,1.7296062431104124,1.1845745169601505
19990226,-1.1108853524276492,1.7296062431104124,1.2201022978357974
19990305,-0.4398633418724679,1.7296062431104124,1.2383923010224807
19990312,-1.043614297317771,1.7296062431104124,1.2428883456159883
19990319,-1.0423592248781848,1.7296062431104124,1.2271141798984566
19990326,-1.204125459710366,1.7296062431104124,1.2637706714118453
19990402,-0.9988864673476184,1.7296062431104124,1.2637706714118453
19990409,-1.2558219960977162,1.7296062431104124,1.236261760865136
19990416,-1.0824288452430306,1.7296062431104124,1.2717374833658661
19990423,-0.5817871659081191,1.7296062431104124,1.2514268723503013
19990430,-0.023182890854790642,1.7296062431104124,1.2606308327244944
19990507,-0.3286170448184442,1.7296062431104124,1.253882520289769
19990514,-1.7304157162507394,1.7296062431104124,1.2468435982376729
19990521,-1.4613729327296938,1.7296062431104124,1.2201781415707118
19990528,-1.7564800262291675,1.7296062431104124,1.2508082409666235
19990604,-3.1619822176082826,1.7296062431104124,1.2186748948267265
19990611,-3.3393847099421925,1.7296062431104124,1.2650237588191606
19990618,-2.5314691699861407,1.7296062431104124,1.2390891818666885
19990625,-2.509975145775603,1.7296062431104124,1.3106001918464674
19990702,-2.5079453926577497,1.7296062431104124,1.3180235585893467
19990709,-2.430773150816972,1.7296062431104124,1.3325818539658534
19990716,-1.5034325893697171,1.7296062431104124,1.2744988689843588
19990723,-2.8271929393065323,1.7296062431104124,1.2479934071278325
19990730,-2.3393679212850897,1.7296062431104124,1.2212907395413808
19990806,-2.5816222529730317,1.7296062431104124,1.2470166704276355
19990813,-2.283404476046444,1.7296062431104124,1.2554040622463338
19990820,-0.8152961143295281,1.7296062431104124,1.266355690222489
19990827,-0.43053915047711133,1.7296062431104124,1.2747806884662571
19990903,-0.7114439223074438,1.7296062431104124,1.2624672024009944
19990910,-0.3421827271959863,1.7296062431104124,1.247298850724836
19990917,-0.2972727163986313,1.7296062431104124,1.1930700369601415
19990924,-0.5190665825483172,1.7296062431104124,1.1981604735363391
19991001,-0.4916426535714886,1.7296062431104124,1.2478592357352487
19991008,-1.2269609968659347,1.7296062431104124,1.165096412010144
19991015,-0.5374597464491944,1.7296062431104124,1.215757234044598
19991022,-0.3359324084868801,1.7296062431104124,1.27299354057961
19991029,0.0,1.7388701063195249,1.27299354057961
19991105,0.14288551295722096,1.771649386347372,1.27299354057961
19991112,-0.1805068753158403,1.771649386347372,1.2966468047233242
19991119,0.3727621062864636,1.7539951319471503,1.2966468047233242
19991126,1.0059234858593442,1.774647624231516,1.2966468047233242
19991203,0.393483536335789,1.7545152115265745,1.2966468047233242
19991210,-0.3848914787560264,1.7545152115265745,1.3002978009139676
19991217,-0.14628215397124167,1.7545152115265745,1.333303206715412
19991224,-0.2568356399176984,1.7545152115265745,1.333303206715412
19991231,-0.243879631344904,1.7545152115265745,1.308093608792426
20000107,-0.5522008645146398,1.7545152115265745,1.3295825933764593
20000114,-0.560437078426949,1.7545152115265745,1.2718492305418714
20000121,-2.487375424191625,1.7545152115265745,1.200198778001115
20000128,-2.5439310027128434,1.7545152115265745,1.2568573437590465
20000204,-2.9847746304997798,1.7545152115265745,1.223988120018466
20000211,-3.3078136101172113,1.7545152115265745,1.1877834165746135
20000218,-2.756930716531551,1.7545152115265745,1.1895129845390995
20000225,-2.4719244729083125,1.7545152115265745,1.2571444198256287
20000303,-1.9763770658512896,1.7545152115265745,1.2445654840221265
20000310,-2.320520680504165,1.7545152115265745,1.3064784196085637
20000317,-1.7183082016245583,1.7545152115265745,1.3626728546027922
20000324,-1.1691463641728783,1.7545152115265745,1.336908513893967
20000331,-0.13794567050583229,1.7545152115265745,1.3527614491577467
20000407,-0.3604977686720413,1.7545152115265745,1.2102101627773285
20000414,0.009256207110109329,1.8493181170946298,1.2102101627773285
20000421,0.7902019807883873,1.8493181170946298,1.2102101627773285
20000428,1.1039301558024903,1.8241075472401855,1.2102101627773285
20000505,0.1809960210725008,1.8092485709080341,1.2102101627773285
20000512,0.3603959458213699,1.7914102142571762,1.2102101627773285
20000519,0.375684694073154,1.7545749495383989,1.2102101627773285
20000526,0.6508378934139976,1.8686715755870622,1.2102101627773285
20000602,0.3926550481848907,1.8429802079910518,1.2102101627773285
20000609,0.4949369045030985,1.8524800537354542,1.2102101627773285
20000616,0.8367563704118229,1.8234113474741709,1.2102101627773285
20000623,-0.09989122613898084,1.8234113474741709,1.2212251978212407
20000630,-0.1278006315071052,1.8234113474741709,1.238872782920253
20000708,-0.5004426836174527,1.8234113474741709,1.238872782920253
20000714,-0.5979221300861373,1.8234113474741709,1.2144313538893643
20000721,-0.2976813743587705,1.8234113474741709,1.1649578919077652
20000728,0.28508878946544897,1.878683019701777,1.1649578919077652
20000804,-0.15744364166423175,1.878683019701777,1.172053017387089
20000811,-0.36433587814975255,1.878683019701777,1.1878838280622763
20000818,-0.4264637141869392,1.878683019701777,1.1996135798721628
20000825,-0.8473539485193542,1.878683019701777,1.2110169120742733
20000901,-0.9336358261463572,1.878683019701777,1.1859249162380918
20000908,-2.3185087258826402,1.878683019701777,1.163158696179677
20000915,-1.9479172823193869,1.878683019701777,1.149597263473152
20000922,-1.5977782122695745,1.878683019701777,1.1399083394342122
20000929,-2.306564643092972,1.878683019701777,1.1180704823493206
20001006,-1.7970491675269369,1.878683019701777,1.090439942674871
20001013,-1.8535545636698725,1.878683019701777,1.1085006070795735
20001020,-2.1637622033115083,1.878683019701777,1.094732849623988
20001027,-3.1750294616279096,1.878683019701777,1.132115857328975
20001103,-3.0820367309378707,1.878683019701777,1.08394091225454
20001110,-3.364134961330092,1.878683019701777,1.0853216407128405
20001117,-2.519039859534776,1.878683019701777,1.0704430243331389
20001124,-2.2631845837315296,1.878683019701777,1.0492697977294305
20001201,-2.1451307256834387,1.878683019701777,1.0928767141930695
20001208,-2.1390670416448465,1.878683019701777,1.046812657261012
20001215,-2.1356855644023933,1.878683019701777,1.041866336509855
20001222,-1.9662283466283952,1.878683019701777,1.023772644171054
20001229,-1.5265253384621067,1.878683019701777,1.0048368332313178
20010105,-1.516326309167532,1.878683019701777,1.0204703509727324
20010112,-0.5128740149189146,1.878683019701777,1.0393156178272387
20010119,-0.3653314736930796,1.878683019701777,1.0489226425585598
20010126,-0.3593295843686076,1.878683019701777,1.044680364016444
20010202,-0.3533276950441355,1.878683019701777,1.017809951579177
20010209,0.5418218152361931,1.8597784740306038,1.017809951579177
20010216,-0.06064437944438195,1.8597784740306038,0.9913154370614852
20010223,-0.5580845756132593,1.8597784740306038,0.98202185989911
20010302,-0.9042538157059914,1.8597784740306038,0.9814171293078782
20010309,-1.3548071767277152,1.8597784740306038,0.9154625658440246
20010316,-1.4051170781376503,1.8597784740306038,0.9069486496172467
20010323,-0.977569158680866,1.8597784740306038,0.9232602469912972
20010330,-0.8851334838617371,1.8597784740306038,0.8978778880793135
20010406,-0.12701442490314785,1.8597784740306038,0.9386568815144393
20010413,0.325123639053289,1.8597784740306038,0.9386568815144393
20010420,0.5264713624335087,1.8748455691242856,0.9386568815144393
20010427,0.4189956298950912,1.8951342925854897,0.9386568815144393
20010504,-0.14891664470591134,1.8951342925854897,0.9231387504788968
20010511,-0.5800819339578356,1.8951342925854897,0.9574431927708011
20010518,-1.040493129594187,1.8951342925854897,0.9470162643620245
20010525,-1.2386687824851133,1.8951342925854897,0.9390274205488028
20010601,-1.6501109636042286,1.8951342925854897,0.9422228242264352
20010608,-1.1383402107430287,1.8951342925854897,0.9045327361901153
20010615,-1.1991635679413626,1.8951342925854897,0.9127187821342548
20010622,-0.5567021887992347,1.8951342925854897,0.9119962858946781
20010629,-0.5508322589280996,1.8951342925854897,0.8929277916889165
20010706,-0.2792606990785257,1.8951342925854897,0.9117450482683496
20010713,-0.2792606990785257,1.8951342925854897,0.9081225493347199
20010720,-0.1304907468994122,1.8951342925854897,0.9043500888669749
20010727,-1.2443634890199111,1.8951342925854897,0.9107475061713804
20010803,-1.2922039701268864,1.8951342925854897,0.8926053479910023
20010810,-0.60962344698318,1.8951342925854897,0.8714631483916472
20010817,-0.6031966006290722,1.8951342925854897,0.8886829274891171
20010824,-0.599842803011438,1.8951342925854897,0.8501709872581767
20010831,-0.19709494560167015,1.8951342925854897,0.8193915556281386
20010907,-0.07663033359557392,1.8951342925854897,0.7429900372126971
20010913,0.4237058130921811,1.8951342925854897,0.7429900372126971
20010921,0.743446143815937,2.0425771414598697,0.7429900372126971
20010928,1.3837096742836663,2.1023079448059727,0.7429900372126971
20011005,1.6142991419314552,2.142082648259644,0.7429900372126971
20011012,0.5012904844369623,2.106428606108023,0.7429900372126971
20011019,0.6722159688677524,2.1675132413708864,0.7429900372126971
20011026,-0.188720395026334,2.1675132413708864,0.731279585573484
20011102,-0.3507660998320671,2.1675132413708864,0.7535503243039838
20011109,-0.5193863852877101,2.1675132413708864,0.7658862722520097
20011116,0.7880616889773122,2.203243506187353,0.7658862722520097
20011123,1.477645603525663,2.182385885362039,0.7658862722520097
20011130,1.6341162445892223,2.2185086070835855,0.7658862722520097
20011207,1.6875065184395668,2.1510516435049034,0.7658862722520097
20011214,1.5659422906200993,2.192805227500451,0.7658862722520097
20011221,1.5659422906200993,2.19891491420273,0.7658862722520097
20011224,1.4732577962847888,2.2181637421908817,0.7658862722520097
20011231,1.395390793866294,2.2425657178618947,0.7658862722520097
20020111,-0.16915388906947082,2.2425657178618947,0.753839060107422
20020118,0.24539609337749035,2.253464715358931,0.753839060107422
20020125,0.4934219316199031,2.2314325925141856,0.753839060107422
20020201,1.1163848721977452,2.17977283787491,0.753839060107422
20020208,1.2693275254612009,2.195601023065517,0.753839060107422
20020215,1.463505632307048,2.206040357963242,0.753839060107422
20020222,1.3131505208876106,2.290934906227148,0.753839060107422
20020301,1.2661561465157551,2.356781783993195,0.753839060107422
20020308,0.4522770347240059,2.3605264801307406,0.753839060107422
20020315,0.104385050630731,2.3251839996262333,0.753839060107422
20020322,-0.6166232791895969,2.3251839996262333,0.7524216089875039
20020329,-1.7135247454533482,2.3251839996262333,0.7524216089875039
20020405,-2.324672352297521,2.3251839996262333,0.7445672193820126
20020412,-2.7531572949488687,2.3251839996262333,0.754056870282399
20020419,-3.2363345504156986,2.3251839996262333,0.7213189279533296
20020426,-3.9083646713688975,2.3251839996262333,0.7193822047632709
20020503,-3.471295673004092,2.3251839996262333,0.7070241998361089
20020510,-3.0535887857748625,2.3251839996262333,0.741605031966054
20020517,-2.519872020402267,2.3251839996262333,0.7263452140309548
20020524,-2.6146761296492365,2.3251839996262333,0.6974340888909747
20020531,-2.434726637832026,2.3251839996262333,0.6715468068955618
20020607,-2.2968888735817488,2.3251839996262333,0.6583057881733484
20020614,-2.1584801000112117,2.3251839996262333,0.6464568430105492
20020621,-1.4367417965671665,2.3251839996262333,0.6469012547974815
20020628,-0.04120854521953121,2.3251839996262333,0.6385095982142726
20020705,-0.07541358588815472,2.3251839996262333,0.594841765190016
20020712,0.17525473769554334,2.1393489223812994,0.594841765190016
20020719,0.8813622134618082,2.152193916515586,0.594841765190016
20020726,1.0842744342458484,2.1809624196818933,0.594841765190016
20020802,0.6591364922027401,2.2930085956033945,0.594841765190016
20020809,0.3378753030372508,2.3438078931607875,0.594841765190016
20020816,0.24512225050847525,2.3743176585330996,0.594841765190016
20020823,0.17312142405858466,2.311758634386646,0.594841765190016
20020830,0.008866557247353635,2.278674786221285,0.594841765190016
20020906,0.2475027038464196,2.2681980999749194,0.594841765190016
20020913,0.3164692842881125,2.1549679482931237,0.594841765190016
20020920,0.4150588562085241,2.109033450796603,0.594841765190016
20020927,0.7094692279443102,2.0407436166358837,0.594841765190016
20021004,0.5802878899646332,2.1292986783774444,0.594841765190016
20021011,0.4699280584126002,2.2543821222154787,0.594841765190016
20021018,0.4568368831524919,2.2881829642908116,0.594841765190016
20021025,0.04881201425412796,2.296620418569136,0.594841765190016
20021101,0.26455350175290593,2.2807650507986073,0.594841765190016
20021108,0.6969200087831384,2.3192307576876074,0.594841765190016
20021115,0.4188967850039891,2.372047650012227,0.594841765190016
20021122,-0.5938243052873113,2.372047650012227,0.5973859537285134
20021129,-1.1627516704252052,2.372047650012227,0.5820223833838019
20021206,-1.6172503867881551,2.372047650012227,0.567507393181461
20021213,-1.87420344355484,2.372047650012227,0.5715141876395008
20021220,-2.533355061725916,2.372047650012227,0.5610697780993968
20021226,-2.5332908911179985,2.372047650012227,0.5730081382814048
20030103,-2.7923095254238923,2.372047650012227,0.584977984616091
20030110,-2.438289405858354,2.372047650012227,0.568713369287996
20030117,-1.6488835457320823,2.372047650012227,0.5344686945045704
20030124,-0.07777740350999329,2.372047650012227,0.5309320357079362
20030131,-0.5212017118571046,2.372047650012227,0.5147937309697989
20030207,0.3167337159766974,2.3869142611404195,0.5147937309697989
20030214,1.3361250089750047,2.3803100772714747,0.5147937309697989
20030221,1.3354374055745368,2.360609216023556,0.5147937309697989
20030228,1.2828609123896109,2.326202642394389,0.5147937309697989
20030307,1.3146407371709672,2.3384947185689353,0.5147937309697989
20030314,0.4307124699955036,2.5139511589532315,0.5147937309697989
20030321,0.047887539548284175,2.423332342479183,0.5147937309697989
20030328,2.2511159805413703,2.4664106207618457,0.5147937309697989
20030404,1.5986124763564382,2.4368030618351906,0.5147937309697989
20030411,0.7773161029483115,2.5033430307448516,0.5147937309697989
20030418,0.7768731608330677,2.5033430307448516,0.5147937309697989
20030425,0.7764302187178238,2.5904355022450507,0.5147937309697989
20030502,-0.9009851194069499,2.5904355022450507,0.5166368417149739
20030509,0.0489400327293632,2.620657893575748,0.5166368417149739
20030516,0.19133440111492891,2.589908201337053,0.5166368417149739
20030523,0.4851360582941223,2.683655845908735,0.5166368417149739
20030530,0.3529669139464644,2.7509706938793075,0.5166368417149739
20030606,1.0069775677495214,2.7533379250810746,0.5166368417149739
20030613,-0.41845877119413255,2.7533379250810746,0.5203367817091753
20030620,-0.45446795403660206,2.7533379250810746,0.5101619549559006
20030627,0.11585389617418017,2.832873444568353,0.5101619549559006
20030704,0.5243961144378428,2.832873444568353,0.5101619549559006
20030711,0.3388647089643343,2.819193527461927,0.5101619549559006
20030718,0.12281535402335984,2.834405984406315,0.5101619549559006
20030725,0.3527131865544109,2.781815109058256,0.5101619549559006
20030801,-1.2851553379371303,2.781815109058256,0.5088294925346158
20030808,-0.4556795076379628,2.781815109058256,0.5156375277948356
20030815,0.3475006504385985,2.788526304463352,0.5156375277948356
20030822,0.2692618068702541,2.830506146364146,0.5156375277948356
20030829,-0.7366594939746721,2.830506146364146,0.5277252225985605
20030905,-1.0588050958038355,2.830506146364146,0.5262991983862284
20030912,-1.89853480633203,2.830506146364146,0.5354288430530859
20030919,-2.0376177392040993,2.830506146364146,0.5150460331080969
20030926,-1.9545433550567024,2.830506146364146,0.5320962608271848
20031003,-1.6692281352258689,2.830506146364146,0.5363381936981729
20031010,-1.6642551231115466,2.830506146364146,0.5369891440087887
20031017,-0.6317809273791469,2.830506146364146,0.5316106176410412
20031024,-0.7537192338579691,2.830506146364146,0.5428740636898137
20031031,-0.8315916624550016,2.830506146364146,0.5441657476079265
20031107,-1.0228315246215085,2.830506146364146,0.542688068955709
20031114,-1.1683652155278847,2.830506146364146,0.5349018256810246
20031121,-1.47891265407561,2.830506146364146,0.5529027151969421
20031128,-1.312588025633905,2.830506146364146,0.5546269697205402
20031205,-0.8807840036096124,2.830506146364146,0.5612312968205609
20031212,-0.9222113059577852,2.830506146364146,0.568817914002148
20031219,-0.2838824847713566,2.830506146364146,0.5796962028007587
20031225,1.1807085194583578,2.830506146364146,0.5796962028007587
20040102,1.1800209160578894,2.864672019518556,0.5796962028007587
20040109,1.5395069044259144,2.910558381278094,0.5796962028007587
20040116,2.413638229058951,2.9502399061570896,0.5796962028007587
20040123,3.6161813060390315,2.923310180509368,0.5796962028007587
20040130,4.222715522615907,2.9533669484012917,0.5796962028007587
20040206,4.650301567811408,2.9612495430220154,0.5796962028007587
20040213,3.681202783303585,2.9487924808663197,0.5796962028007587
20040220,3.027298086981814,2.9509315829144938,0.5796962028007587
20040227,3.3553312234503405,2.9816539230562897,0.5796962028007587
20040305,2.8796287668835827,2.888121137278229,0.5796962028007587
20040312,2.7094368517531637,2.860311550319007,0.5796962028007587
20040319,2.484169622661585,2.85587855465442,0.5796962028007587
20040326,2.8150122766677583,2.9428647251572833,0.5796962028007587
20040402,2.3120149514022863,2.951601724372048,0.5796962028007587
20040409,1.2705449397978763,2.951601724372048,0.5796962028007587
20040415,0.8093688878524086,2.980599211925777,0.5796962028007587
20040423,0.31818599426250005,2.8935803286522024,0.5796962028007587
20040430,-0.37610809346395535,2.8935803286522024,0.5751938602253956
20040507,-1.2512067371351003,2.8935803286522024,0.5736232935032386
20040514,-1.7178274464579333,2.8935803286522024,0.5725030124485018
20040521,-2.2776689879703573,2.8935803286522024,0.5867009329991903
20040528,-2.2922749116005248,2.8935803286522024,0.5970352567957613
20040604,-2.2583847917969733,2.8935803286522024,0.5985192226316945
20040611,-2.010805515730879,2.8935803286522024,0.5985192226316945
20040618,-2.0081422404478904,2.8935803286522024,0.5982081215185185
20040625,-1.1622788482083952,2.8935803286522024,0.5934358459667105
20040702,-0.5729335802732691,2.8935803286522024,0.58761948654894
20040709,-0.3961631794796137,2.8935803286522024,0.581589130930411
20040716,-0.22340296947228167,2.8935803286522024,0.5735680157938831
20040723,0.003855489617708097,2.93492485691419,0.5735680157938831
20040730,0.4463068951443248,2.834360814993495,0.5735680157938831
20040806,0.4131898870327613,2.8365720997296395,0.5735680157938831
20040813,1.2812984206471272,2.9259473650346526,0.5735680157938831
20040820,1.489754637023032,2.951041873636263,0.5735680157938831
20040827,2.5894531876067566,2.966652569720889,0.5735680157938831
20040903,2.6960794162002526,2.99912594025691,0.5735680157938831
20040910,2.686493847426309,3.0114808832736744,0.5735680157938831
20040917,3.138090986637,2.962274469901446,0.5735680157938831
20040924,3.1320890973125275,3.019352683953641,0.5735680157938831
20041001,3.199536812970217,2.994376019498037,0.5735680157938831
20041008,2.959746001427967,2.9571776371269496,0.5735680157938831
20041015,2.909540831519795,2.923928837580058,0.5735680157938831
20041022,2.1395488254909503,3.0158835664658628,0.5735680157938831
20041029,2.1257127167043133,3.1118680091009594,0.5735680157938831
20041105,1.2599924854536984,3.1599001331055248,0.5735680157938831
20041112,1.7998425023889508,3.1229952430228134,0.5735680157938831
20041119,1.7797773331062905,3.144956544129207,0.5735680157938831
20041126,1.777641018101333,3.167613367459311,0.5735680157938831
20041203,0.5499340626160657,3.159183442781123,0.5735680157938831
20041210,1.2861747525541516,3.1756706334757814,0.5735680157938831
20041217,0.9288782393661874,3.2041779906396477,0.5735680157938831
20041224,0.95672979442697,3.2041779906396477,0.5735680157938831
20041231,0.4454001718916447,3.1361505410255783,0.5735680157938831
20050107,0.3081712246669521,3.131735460888239,0.5735680157938831
20050114,0.06339401438420056,3.0768219034480215,0.5735680157938831
20050121,0.9357331074117764,3.086016486510167,0.5735680157938831
20050128,-0.10917556391994664,3.086016486510167,0.5890755664442366
20050204,0.6717139599159854,3.091839549090351,0.5890755664442366
20050211,0.7501599184923364,3.0823224322866767,0.5890755664442366
20050218,0.9368161788814722,3.08747851638144,0.5890755664442366
20050225,1.1292106043490109,3.1148775721514324,0.5890755664442366
20050304,0.8782907809655245,3.0587030365482875,0.5890755664442366
20050311,0.947226120386128,3.032119753892917,0.5890755664442366
20050318,1.2636245313457322,2.99294548875901,0.5890755664442366
20050325,0.5277482567766222,2.99294548875901,0.5890755664442366
20050401,0.09616183794358446,3.0140733656588563,0.5890755664442366
20050408,-0.11235410974943504,3.0140733656588563,0.5698353781807225
20050415,-0.6271335910125084,3.0140733656588563,0.5745731178635616
20050422,-0.1139170178135761,3.0140733656588563,0.5769320040406957
20050429,-0.2285328750133301,3.0140733656588563,0.5841632909250289
20050506,-0.6810569957709661,3.0140733656588563,0.575535654013648
20050513,0.03374167362335767,3.1060847515452013,0.575535654013648
20050520,-0.2035038619508112,3.1060847515452013,0.5801330478820433
20050527,-0.6979494231639759,3.1060847515452013,0.5795184397174806
20050603,-0.4619349585589106,3.1060847515452013,0.5805311094350529
20050610,-0.8302022744727049,3.1060847515452013,0.5896646594572608
20050617,-0.8256181631868074,3.1060847515452013,0.577362204957207
20050624,-0.7778380742922213,3.1060847515452013,0.5787528296930681
20050701,-0.8202720046196466,3.1060847515452013,0.5908663066839775
20050708,-2.0444883997869248,3.1060847515452013,0.5986967061227846
20050715,-2.0441984118434826,3.1060847515452013,0.6015051129332155
20050722,-2.419725617555148,3.1060847515452013,0.6017488978233834
20050729,-3.5619156567565917,3.1060847515452013,0.5979653514522812
20050805,-3.2784199698565635,3.1060847515452013,0.59990098934069
20050812,-3.249813410296992,3.1060847515452013,0.5946937177579374
20050819,-3.595494164732669,3.1060847515452013,0.5875703305807807
20050826,-2.9501783341879886,3.1060847515452013,0.5938697535957872
20050902,-2.542075047397146,3.1060847515452013,0.6048595954597735
20050909,-2.5555226755213805,3.1060847515452013,0.6031202874337406
20050916,-2.406136168987111,3.1060847515452013,0.5920996336612955
20050923,-0.6809174336427956,3.1060847515452013,0.5986867022886995
20050930,0.26064305535470145,3.0228974785100946,0.5986867022886995
20051007,-0.2576680430779503,3.0228974785100946,0.5940159158368077
20051014,-0.9904283356375058,3.0228974785100946,0.5905216260764781
20051021,-1.5480395621422494,3.0228974785100946,0.5999432534881765
20051028,-1.5420376728177774,3.0228974785100946,0.6108216299449077
20051104,-1.7221153558505486,3.0228974785100946,0.6181205893913324
20051111,-2.005408241837972,3.0228974785100946,0.6249039609013745
20051118,-1.5147130966679665,3.0228974785100946,0.6295045925270142
20051125,-1.3020152937141634,3.0228974785100946,0.6279311194290346
20051202,-1.3005791957711086,3.0228974785100946,0.6250969410945972
20051209,-1.426731476485554,3.0228974785100946,0.6290429538404003
20051216,-2.3386378106461727,3.0228974785100946,0.6297081157173097
20051223,-2.5062049685809704,3.0228974785100946,0.629777613123596
20051230,-2.5356887738202616,3.0228974785100946,0.6508964882367936
20060106,-1.9929052206423088,3.0228974785100946,0.6519902364173263
20060113,-1.6231573824469088,3.0228974785100946,0.6399439853531989
20060120,-1.6187821630999089,3.0228974785100946,0.6512210804932608
20060127,-1.5012892835736942,3.0228974785100946,0.6412325272310558
20060203,-1.7072211548974812,3.0228974785100946,0.6427340922484921
20060210,-1.7405465250112475,3.0228974785100946,0.6530067585447996
20060217,-2.170765584882713,3.0228974785100946,0.656496931161191
20060224,-2.170701414274796,3.0228974785100946,0.6553767914336835
20060303,-2.199227316996861,3.0228974785100946,0.6524187363283207
20060310,-2.763245927988839,3.0228974785100946,0.6655697302836924
20060317,-2.8322517538613567,3.0228974785100946,0.6633804149628765
20060324,-2.850373357887735,3.0228974785100946,0.6592666080126955
20060331,-2.489731224871285,3.0228974785100946,0.6595873670549044
20060407,-2.3956160817618866,3.0228974785100946,0.6544094183518612
20060414,-3.3903637065263856,3.0228974785100946,0.6544094183518612
20060421,-3.2557178834847904,3.0228974785100946,0.6540750251676345
20060428,-3.2527454784252483,3.0228974785100946,0.6616358198331544
20060505,-3.260505882121437,3.0228974785100946,0.6444082058147191
20060512,-3.831198220454113,3.0228974785100946,0.6323259456216668
20060519,-4.569775097062949,3.0228974785100946,0.638878626014092
20060526,-4.615613710753774,3.0228974785100946,0.6314575835489931
20060602,-3.847231583806193,3.0228974785100946,0.6138504142316433
20060609,-3.5094195149297565,3.0228974785100946,0.6134778737580622
20060616,-2.8023230625360407,3.0228974785100946,0.6100269988181405
20060623,-1.1538094990744336,3.0228974785100946,0.6226245592667571
20060630,-1.32456884345306,3.0228974785100946,0.6212226564413533
20060706,-1.4396991543786402,3.0228974785100946,0.6057174795232564
20060714,-1.4499281473289338,3.0228974785100946,0.6077215548286988
20060721,-1.4465685003709292,3.0228974785100946,0.6264683253693284
20060728,-2.446065067731769,3.0228974785100946,0.6268651805804116
20060804,-2.4734045163186105,3.0228974785100946,0.6206815922727009
20060811,-2.309159326929016,3.0228974785100946,0.6381054315891113
20060818,-1.9663202680177785,3.0228974785100946,0.6345726104638713
20060825,0.11860956026260805,3.060056797266927,0.6345726104638713
20060901,0.644060266276296,3.0332844900722593,0.6345726104638713
20060908,0.7833620911702285,3.0817172556469,0.6345726104638713
20060915,0.7400186467417609,3.070321293634957,0.6345726104638713
20060922,1.2211526742013301,3.11952458658356,0.6345726104638713
20060929,1.2989541172859032,3.151610702086408,0.6345726104638713
20061006,1.6429785384063034,3.1890445984726496,0.6345726104638713
20061013,1.683506847585561,3.1960035565623053,0.6345726104638713
20061020,1.6602686178778792,3.2164134934424435,0.6345726104638713
20061027,1.3564557161579718,3.185962213418983,0.6345726104638713
20061103,1.107888487669134,3.224727068065485,0.6345726104638713
20061110,1.1039204924711157,3.272132182801476,0.6345726104638713
20061117,0.8729768961288394,3.2272022708136485,0.6345726104638713
20061124,1.2621615053494462,3.2174351086488184,0.6345726104638713
20061201,1.5331021684950332,3.247681144148908,0.6345726104638713
20061208,2.049463763688375,3.2874179235619043,0.6345726104638713
20061215,2.046491358628833,3.249800540408516,0.6345726104638713
20061222,1.2091712307142115,3.2632533775517856,0.6345726104638713
20061229,1.0918977738691482,3.249011153369742,0.6345726104638713
20070106,1.2032891251592028,3.249011153369742,0.6345726104638713
20070112,0.353820040587965,3.231343667996618,0.6345726104638713
20070119,0.4607944035600157,3.212549816318761,0.6345726104638713
20070126,-0.7545625398928324,3.212549816318761,0.6462674189553468
20070202,-1.0550982372057347,3.212549816318761,0.6416582225835792
20070209,-1.4340735329084322,3.212549816318761,0.6494577389023873
20070216,-1.4340735329084322,3.212549816318761,0.6467046831857467
20070223,-1.849589548693833,3.212549816318761,0.6181750151958766
20070302,-1.2956025662211657,3.212549816318761,0.6251581203403157
20070309,-1.1700884524148354,3.212549816318761,0.6180769334976681
20070316,-0.9995599279733728,3.212549816318761,0.639984489025143
20070323,-0.4127016699746595,3.212549816318761,0.63318851687846
20070330,1.5983800104831032,3.2662483221131735,0.63318851687846
20070406,0.95424462873245,3.2662483221131735,0.63318851687846
20070413,0.7444317455744279,3.3370655598501586,0.63318851687846
20070420,1.1968061381322104,3.358917668621155,0.63318851687846
20070427,0.9463631361715691,3.384884099284864,0.63318851687846
20070504,0.2454272959210804,3.3854011348134985,0.63318851687846
20070511,0.2395573660499453,3.4233951988569506,0.63318851687846
20070518,0.2360936027290141,3.407613026626526,0.63318851687846
20070525,0.2316603241053373,3.46033269219503,0.63318851687846
20070601,0.3330102695127992,3.3957587889087817,0.63318851687846
20070608,0.03190707931547532,3.4526073800282786,0.63318851687846
20070615,0.5030178752311341,3.384249455985442,0.63318851687846
20070622,0.2625628423820454,3.3860286036218454,0.63318851687846
20070629,0.1025011316870793,3.4502197878063736,0.63318851687846
20070706,-0.209903734992664,3.4502197878063736,0.6423154193241283
20070713,-0.26959724213511393,3.4502197878063736,0.6347027822026249
20070720,-0.27945309733501233,3.4502197878063736,0.6036109819964454
20070727,-0.2787654939345441,3.4502197878063736,0.5928995637444412
20070803,-0.4406154964805497,3.4502197878063736,0.6014141035626778
20070810,-0.13501508508324833,3.4502197878063736,0.598228353958725
20070817,0.09046133447853788,3.5299886845272614,0.598228353958725
20070824,0.31744850081637943,3.517151222068994,0.598228353958725
20070831,0.39723858081772,3.4639639966192366,0.598228353958725
20070907,0.510357422986262,3.537125237290059,0.598228353958725
20070914,0.5686505009147947,3.6360241406739475,0.598228353958725
20070921,1.302239460944086,3.6384072467795834,0.598228353958725
20070928,1.7709044096673543,3.711902158051786,0.598228353958725
20071005,3.053990449411939,3.72193523255432,0.598228353958725
20071012,3.0496152300649393,3.5761605272159045,0.598228353958725
20071019,3.1156316902420373,3.6587352109707347,0.598228353958725
20071026,3.3862454154070445,3.5976561895677563,0.598228353958725
20071102,3.378846040972653,3.464321228990683,0.598228353958725
20071109,3.3998953499683555,3.4763321767042257,0.598228353958725
20071116,3.4640316537527407,3.353554504862849,0.598228353958725
20071123,3.2843917500045032,3.447687886841524,0.598228353958725
20071130,3.758879882187864,3.502436042845251,0.598228353958725
20071207,3.879057375899985,3.4169850340261783,0.598228353958725
20071214,3.712020525832724,3.4554158109359707,0.598228353958725
20071221,3.585334462714637,3.417939480763607,0.598228353958725
20071227,3.483576656238848,3.2682814532263067,0.598228353958725
20080103,3.3884973019632816,3.2076881226644876,0.598228353958725
20080111,2.7948216409668736,3.0340722997092886,0.598228353958725
20080118,2.6982883580527863,3.0999423444805396,0.598228353958725
20080125,1.148655813000566,3.2509313258554107,0.598228353958725
20080201,1.062164874081526,3.10152667664015,0.598228353958725
20080208,0.7142414107813471,3.145092237246259,0.598228353958725
20080215,1.0329896494196062,3.1959034638204518,0.598228353958725
20080222,1.2456221588535827,3.1428081155154026,0.598228353958725
20080229,1.3433682523974344,3.0548038909209145,0.598228353958725
20080307,2.2175709404854547,3.04245122825269,0.598228353958725
20080314,1.4515318662445362,3.188274590791279,0.598228353958725
20080321,1.3407926215688464,3.188274590791279,0.598228353958725
20080328,1.339447332406681,3.3220386491066742,0.598228353958725
20080404,1.2129552796098226,3.2309636230122747,0.598228353958725
20080411,0.929348739071442,3.3703515527979753,0.598228353958725
20080418,1.1031879543681518,3.388556852738321,0.598228353958725
20080425,0.7667446702242782,3.427488648161943,0.598228353958725
20080502,0.4235344899373841,3.365382247045943,0.598228353958725
20080509,0.8066043254774019,3.4552449108649976,0.598228353958725
20080516,0.7119140419269983,3.3354442044693315,0.598228353958725
20080523,0.1196601767869776,3.359055283464696,0.598228353958725
20080530,0.3853027960136903,3.2638280382286142,0.598228353958725
20080606,0.1592598307291756,3.2622688400803703,0.598228353958725
20080613,-0.6822687088557366,3.2622688400803703,0.5797100872962809
20080620,-0.8106141096710824,3.2622688400803703,0.5623134414812958
20080627,-0.3339907850149624,3.2622688400803703,0.5508462087358247
20080704,-1.0983923413633785,3.2622688400803703,0.5508462087358247
20080711,-1.0359070602829952,3.2622688400803703,0.5602633613642776
20080718,-0.41920294283579146,3.2622688400803703,0.558965654097806
20080725,-0.15792706883907648,3.2622688400803703,0.5600989305543109
20080801,0.1981450036473497,3.3554791826115773,0.5600989305543109
20080808,0.10676358944966337,3.3603455102957045,0.5600989305543109
20080815,0.3092829758079083,3.344814718566554,0.5600989305543109
20080822,0.30899298786446616,3.3205608117585244,0.5600989305543109
20080829,0.09853111543235836,3.2816305086667397,0.5600989305543109
20080905,0.41242747571802907,3.3064344260439285,0.5600989305543109
20080912,-0.6924694312549444,3.3064344260439285,0.5616113834263077
20080919,-0.9692492698987688,3.3064344260439285,0.5429026661962435
20080926,-0.9689592819553268,3.3064344260439285,0.49187310084925984
20081003,-0.8551347886806966,3.3064344260439285,0.40237450172288014
20081010,-1.4525153218472726,3.3064344260439285,0.4208684693091196
20081017,-1.9205365037886124,3.3064344260439285,0.39232880863481134
20081024,-1.6372258727192066,3.3064344260439285,0.4334871456541974
20081031,-1.4377326038906224,3.3064344260439285,0.4165906512492695
20081107,-1.7848704112758165,3.3064344260439285,0.3907715921462057
20081114,-1.9624128017186893,3.3064344260439285,0.3579899186672049
20081121,-1.957437690345917,3.3064344260439285,0.3652299898747145
20081128,-2.0274498869166786,3.3064344260439285,0.3570104473759881
20081205,-2.9434339572706465,3.3064344260439285,0.35850193616988996
20081212,-3.6731765573185737,3.3064344260439285,0.3618231822439785
20081219,-3.5469221212284925,3.3064344260439285,0.3543004721179251
20081225,-3.8743593773278486,3.3064344260439285,0.3543004721179251
20090102,-4.89856231093973,3.3064344260439285,0.33853983785089214
20090109,-4.08753687039353,3.3064344260439285,0.3232430988026457
20090116,-3.332731936103018,3.3064344260439285,0.31809095541627747
20090123,-3.030133537241241,3.3064344260439285,0.31577012568112084
20090130,-2.5696601823466056,3.3064344260439285,0.3321038430857017
20090206,-2.5340782792755143,3.3064344260439285,0.3161371841711694
20090213,-2.4043373847165226,3.3064344260439285,0.2842076469579133
20090220,-2.503602663424889,3.3064344260439285,0.2713047336297068
20090227,-2.6330774887412782,3.3064344260439285,0.2522197600490541
20090306,-2.6316413907982232,3.3064344260439285,0.27922510907891546
20090313,-2.7146608038115603,3.3064344260439285,0.2836503371784566
20090320,-4.019411866619146,3.3064344260439285,0.301144590144783
20090327,-3.747005852975287,3.3064344260439285,0.31094727133745764
20090403,-2.8242825830288734,3.3064344260439285,0.3169373817171152
20090410,-3.1101459467903134,3.3064344260439285,0.3169373817171152
20090417,-3.103965321382137,3.3064344260439285,0.31570914144789386
20090424,-2.441869398175349,3.3064344260439285,0.3198239480438424
20090501,-1.8184859398949331,3.3064344260439285,0.3386703369392082
20090508,-1.4820240625909302,3.3064344260439285,0.32177746651075534
20090515,-0.8176466585999835,3.3064344260439285,0.323279053980886
20090522,-0.7835096857139912,3.3064344260439285,0.3436416234617392
20090529,-1.1232185619230646,3.3064344260439285,0.35147426703914114
20090605,-1.3599695701768908,3.3064344260439285,0.35376236785409454
20090612,-1.3918773220382747,3.3064344260439285,0.3444230049203391
20090619,-0.4061477131630131,3.3064344260439285,0.343551897309564
20090626,-0.3866142795612325,3.3064344260439285,0.33600712060384746
20090703,-0.4728145773674414,3.3064344260439285,0.33600712060384746
20090710,0.0855542122950036,3.53679752074366,0.33600712060384746
20090717,0.7662165193493043,3.6830263905190237,0.33600712060384746
20090724,0.8195690025226054,3.7139419452543536,0.33600712060384746
20090731,1.122069058570661,3.800445637957926,0.33600712060384746
20090807,2.0270722993237547,3.776412832275218,0.33600712060384746
20090814,2.46623309983502,3.8593058533232836,0.33600712060384746
20090821,2.7375639060391297,3.8698369219428894,0.33600712060384746
20090828,3.2300092287724147,3.822711101739127,0.33600712060384746
20090904,3.5511519748331577,3.9465992156713665,0.33600712060384746
20090911,4.860029987161653,4.04337864677592,0.33600712060384746
20090918,5.004558918208574,3.9528443486355473,0.33600712060384746
20090925,5.512573208194356,3.880288191177808,0.33600712060384746
20091002,5.054777497113366,4.055452164263772,0.33600712060384746
20091009,4.057463175504747,4.116729479685421,0.33600712060384746
20091016,4.096601794420193,4.086147420946337,0.33600712060384746
20091023,3.4238104991005085,3.921846006995176,0.33600712060384746
20091030,2.038643092220374,4.0471635184985795,0.33600712060384746
20091106,2.7682824416182195,4.138681455596339,0.33600712060384746
20091112,2.134175497473393,4.167840096702832,0.33600712060384746
20091120,1.345712278230657,4.184070300967008,0.33600712060384746
20091127,0.6241596300453458,4.239615599023575,0.33600712060384746
20091204,0.7043213273462097,4.241264149340754,0.33600712060384746
20091211,0.8526819833034874,4.226160483037558,0.33600712060384746
20091218,0.8466800939790153,4.323182959618907,0.33600712060384746
20091225,-0.2828684762550826,4.323182959618907,0.33600712060384746
20100101,-0.2418806577616282,4.323182959618907,0.33600712060384746
20100108,0.2915957197044786,4.289389988275754,0.33600712060384746
20100115,0.7904461924106081,4.141190950625295,0.33600712060384746
20100122,-0.0619252480069169,4.141190950625295,0.33050117390067996
20100129,-1.0496095787953021,4.141190950625295,0.32813751081814774
20100205,-0.4922874493367704,4.141190950625295,0.33100591552232733
20100212,-0.23399984602405746,4.141190950625295,0.3410083256853677
20100219,-0.14130292752171214,4.141190950625295,0.33956946841790886
20100226,-0.2332803942314715,4.141190950625295,0.3500871357363491
20100305,-0.9142793201165512,4.141190950625295,0.3535581971097957
20100312,-1.8293224779199235,4.141190950625295,0.35660498341646324
20100319,-1.8288795358046797,4.141190950625295,0.35866176986926457
20100326,-2.3359476949030484,4.141190950625295,0.36507198181448713
20100402,-1.443022589930311,4.141190950625295,0.36507198181448713
20100409,0.8365626510946556,4.133424323569756,0.36507198181448713
20100416,1.3024203173479716,4.220625988240518,0.36507198181448713
20100423,1.3019773752327275,4.114562208896805,0.36507198181448713
20100430,1.5442344844939742,3.8517094729398176,0.36507198181448713
20100507,2.185867218810337,3.9376976833970496,0.36507198181448713
20100514,2.21061820940524,3.771303498590787,0.36507198181448713
20100521,3.5236125188058542,3.777267507730043,0.36507198181448713
20100528,2.7733623460070715,3.6422521965723154,0.36507198181448713
20100604,3.775820357414128,3.733643595237086,0.36507198181448713
20100611,4.37079731451591,3.8222647335875646,0.36507198181448713
20100618,4.720112655192836,3.682885858678253,0.36507198181448713
20100625,4.714110765868363,3.4975718349498024,0.36507198181448713
20100702,5.465367366186301,3.689692302047106,0.36507198181448713
20100709,5.775997156064887,3.644921610453381,0.36507198181448713
20100716,5.612342270927143,3.774236879309101,0.36507198181448713
20100723,5.4629024612163875,3.770608462685263,0.36507198181448713
20100730,5.2121917227613555,3.83920245532524,0.36507198181448713
20100806,4.826855941045149,3.6941079085073167,0.36507198181448713
20100813,5.085089414799189,3.668230981251647,0.36507198181448713
20100820,5.356209839091076,3.6439288512560903,0.36507198181448713
20100827,4.794878321955646,3.7805690645971697,0.36507198181448713
20100903,4.828368873401146,3.8400924264192247,0.36507198181448713
20100910,4.2828553798577085,3.8956057075439534,0.36507198181448713
20100917,4.146652447706665,3.975484603325936,0.36507198181448713
20100924,4.011103229330444,3.967074318481553,0.36507198181448713
20101001,3.3660456934682057,4.032520918580554,0.36507198181448713
20101008,3.083890944105556,4.070729471406274,0.36507198181448713
20101015,3.0229511013274366,4.094575438916492,0.36507198181448713
20101022,2.8312870886790766,4.095198596026322,0.36507198181448713
20101029,2.322221082738467,4.242600154005121,0.36507198181448713
20101105,1.3402260899897072,4.150400509713821,0.36507198181448713
20101112,1.091304139599954,4.152200267214885,0.36507198181448713
20101119,0.7209918332824148,4.11077285149543,0.36507198181448713
20101126,0.3061245001683798,4.232810120268525,0.36507198181448713
20101203,-0.06607392884665808,4.232810120268525,0.36974900949990513
20101210,-0.37161181228315016,4.232810120268525,0.3707953031920396
20101217,-0.3997185550841295,4.232810120268525,0.37485825123357297
20101224,-0.5657525124828702,4.232810120268525,0.37485825123357297
20101231,-1.403875358892197,4.232810120268525,0.37898942523985135
20110107,-1.4037804877639295,4.232810120268525,0.3854693515590178
20110114,-1.5995334110260864,4.232810120268525,0.3847539888249856
20110121,-1.41212858855921,4.232810120268525,0.3826523568776274
20110128,-1.766304631715648,4.232810120268525,0.39300461202271375
20110204,-1.0567791730362501,4.232810120268525,0.3984850454236697
20110211,-0.8219240720551784,4.232810120268525,0.40264033041863234
20110218,-0.3510219844852286,4.232810120268525,0.39790640701304053
20110225,-0.7336798728731513,4.232810120268525,0.39828928174045053
20110304,-0.2888031727495923,4.232810120268525,0.3932034564598577
20110311,-0.5429971155718682,4.232810120268525,0.38564554161633935
20110318,-0.542134669061625,4.232810120268525,0.39607347262688974
20110325,-0.13669419453938314,4.232810120268525,0.4016838555691759
20110401,0.4699898998477032,4.219340488455591,0.4016838555691759
20110408,0.07533306745996204,4.1923694249871675,0.4016838555691759
20110415,-0.017375700435956487,4.1923694249871675,0.40642303149392156
20110422,-0.01620195886591147,4.1923694249871675,0.40642303149392156
20110429,-0.8840063391182914,4.1923694249871675,0.3994456867323578
20110506,-1.075353984458746,4.1923694249871675,0.39872144744531485
20110513,-0.8828685119566659,4.1923694249871675,0.39738022549634044
20110520,-0.3270551856563638,4.1923694249871675,0.3967334453534426
20110527,-0.9861637508012236,4.1923694249871675,0.38334210958359216
20110603,-0.16021581557657316,4.1923694249871675,0.3747385968116228
20110610,0.06383149375990116,4.1940847281254445,0.3747385968116228
20110617,0.1662433124749233,4.184024040802649,0.3747385968116228
20110624,0.0,4.418945868869479,0.3747385968116228
20110701,0.5904361140769423,4.352381294513092,0.3747385968116228
20110708,0.5555035167054188,4.262794294812666,0.3747385968116228
20110715,-0.048451898167209066,4.262794294812666,0.38296147008214837
20110722,-0.5065692940119794,4.262794294812666,0.3679450508577868
20110729,-0.5016056214756129,4.262794294812666,0.34149404698224084
20110805,-0.6127784041105305,4.262794294812666,0.335637259244858
20110812,-0.6114207733025817,4.262794294812666,0.31989762619836604
20110819,-1.0422679227574465,4.262794294812666,0.3350649581838821
20110826,0.5796394265764306,4.2525427313779725,0.3350649581838821
20110902,0.8477415629989646,4.210161288230712,0.3350649581838821
20110909,1.240656565565768,4.435509698165213,0.3350649581838821
20110916,1.2356928930294018,4.145234401321595,0.3350649581838821
20110923,1.6506009016289334,4.126959923512893,0.3350649581838821
20110930,2.0710525901122274,4.214647758415326,0.3350649581838821
20111007,2.0152502801434133,4.466769373894159,0.3350649581838821
20111014,1.627066852718318,4.516632131797234,0.3350649581838821
20111021,2.590238126610564,4.6874852676647,0.3350649581838821
20111028,2.557330171301858,4.571273003189667,0.3350649581838821
20111104,2.8502237014765743,4.610010427113074,0.3350649581838821
20111111,2.5130091597505952,4.434196615722576,0.3350649581838821
20111118,2.7663731423858238,4.349937306755313,0.3350649581838821
20111125,2.2879334486501013,4.67133861466922,0.3350649581838821
20111202,1.8937371190580603,4.712297154564135,0.3350649581838821
20111209,0.7795967342390134,4.57890899219196,0.3350649581838821
20111216,0.5511975366378856,4.750365308451402,0.3350649581838821
20111223,-0.2266886085940061,4.750365308451402,0.33817114124115544
20111230,-0.35056728489569555,4.750365308451402,0.34438277058074773
20120106,-0.2386276808335468,4.750365308451402,0.3474228199192177
20120113,-0.19670714755284324,4.750365308451402,0.3546753470065335
20120120,0.006967505563236331,4.753795962907129,0.3546753470065335
20120127,0.682118917866378,4.856973949018677,0.3546753470065335
20120203,1.821896709333508,4.848812149151278,0.3546753470065335
20120210,1.5753170920376869,4.915947976429819,0.3546753470065335
20120217,1.4476859272695133,4.9389164393392395,0.3546753470065335
20120224,1.4457971321737633,4.952983874702816,0.3546753470065335
20120302,0.28108641377765897,4.957468042289954,0.3546753470065335
20120309,-0.34314901618155325,4.957468042289954,0.36329082949392255
20120316,0.0,4.932542274204575,0.36329082949392255
20120323,0.5537929557624486,4.972649074514482,0.36329082949392255
20120330,1.3535668721608487,4.87990191388618,0.36329082949392255
20120406,1.451846865268657,4.87990191388618,0.36329082949392255
20120413,0.939228793546412,4.909353902013583,0.36329082949392255
20120420,1.5007535885495604,4.997780732631015,0.36329082949392255
20120427,1.682129596956116,4.875770689085441,0.36329082949392255
20120504,1.899790630642047,4.81982286298565,0.36329082949392255
20120511,2.840465602680052,4.61266210008311,0.36329082949392255
20120518,3.288288584736712,4.6931473075995145,0.36329082949392255
20120525,3.29566067177175,4.551977906591422,0.36329082949392255
20120601,4.078463020141501,4.721585398170169,0.36329082949392255
20120608,4.023359078138206,4.782774929416727,0.36329082949392255
20120615,4.677268421382183,4.754922733603997,0.36329082949392255
20120622,3.9490225294225514,4.851586954084325,0.36329082949392255
20120629,4.369266049960906,4.8170383353862185,0.36329082949392255
20120706,4.088029741136524,4.824505530351173,0.36329082949392255
20120713,3.82858023226142,4.845413942941754,0.36329082949392255
20120720,3.745002465413616,4.928300569782454,0.36329082949392255
20120727,3.273884609784667,4.946151001621297,0.36329082949392255
20120803,2.780843565616572,4.9990620593312665,0.36329082949392255
20120810,3.1079332859528566,5.042763587844649,0.36329082949392255
20120817,3.2354375210937185,5.017765863037314,0.36329082949392255
20120824,2.91661652507906,5.001586573768112,0.36329082949392255
20120831,2.0500146843495184,5.081593186566582,0.36329082949392255
20120907,1.0275315666730689,5.180014687037469,0.36329082949392255
20120914,1.0251880088705976,5.160153684681116,0.36329082949392255
20120921,0.4346890779097981,5.091311655490754,0.36329082949392255
20120928,-0.949187552014494,5.091311655490754,0.36839975493393484
20121005,-1.7064244262994377,5.091311655490754,0.3602446208389648
20121012,-1.7520679237069643,5.091311655490754,0.36140458716183044
20121019,-1.9264526785938283,5.091311655490754,0.3560460179607165
20121026,-3.6067030638703854,5.091311655490754,0.36019419960271387
20121102,-3.2520801439104985,5.091311655490754,0.35144532237163395
20121109,-3.022999539287188,5.091311655490754,0.3463590064547453
20121116,-2.5542046562199534,5.091311655490754,0.35817955915547495
20121123,-2.5906051121615907,5.091311655490754,0.3599664611910028
20121130,-1.5017480208178964,5.091311655490754,0.3604468363617671
20121207,-0.9680924536764599,5.091311655490754,0.35930556494891397
20121214,-0.9637093089602502,5.091311655490754,0.36351736607039364
20121221,-0.3828143313175937,5.091311655490754,0.36251078709796264
20121227,-0.7694599149256407,5.091311655490754,0.3748756733938034
20130103,-1.465658499475866,5.091311655490754,0.3781508296955958
20130111,-1.8371172789022259,5.091311655490754,0.3817292508021546
20130118,-0.8330968836066499,5.091311655490754,0.38537706819021594
20130125,-2.8603216068979664,5.091311655490754,0.3879950566627104
20130201,-3.3596773722358044,5.091311655490754,0.3892155806593281
20130208,-3.734404787915101,5.091311655490754,0.38969250325525734
20130215,-4.539256373851717,5.091311655490754,0.38150268572441576
20130222,-4.3894042282892665,5.091311655490754,0.3821571443289442
20130301,-4.389309357160999,5.091311655490754,0.39045880576283687
20130308,-2.7898102818703707,5.091311655490754,0.3928551282297355
20130315,-2.4107583472721457,5.091311655490754,0.39189610154759325
20130322,-2.3019192992819044,5.091311655490754,0.39322517602377466
20130329,-2.3087185635339624,5.091311655490754,0.39322517602377466
20130405,-2.966869943644991,5.091311655490754,0.40222999061553644
20130412,-2.7247283116437053,5.091311655490754,0.3937238898286096
20130419,-2.3974834508296774,5.091311655490754,0.40055662016086185
20130426,-3.1535047698900085,5.091311655490754,0.4087032564159814
20130503,-2.6084562625618286,5.091311655490754,0.4135841180006615
20130510,-1.8579431286241561,5.091311655490754,0.42213326677673607
20130517,-0.9313107178192244,5.091311655490754,0.4176093356128603
20130524,-0.6944246447623498,5.091311655490754,0.41528536291689366
20130531,-0.9389256238938296,5.091311655490754,0.41850427779525506
20130607,-0.6009511753493441,5.091311655490754,0.41426417102342056
20130614,-0.8545394605131047,5.091311655490754,0.4055293283726724
20130621,-1.3738867785475215,5.091311655490754,0.40905637249346133
20130628,-0.3680358834344941,5.091311655490754,0.4177606573899731
20130705,-0.3671053417276382,5.091311655490754,0.43012534413489883
20130712,-1.0893994549515054,5.091311655490754,0.43317172729875264
20130719,-0.9960698511606784,5.091311655490754,0.43305910300578915
20130726,-1.051245056752328,5.091311655490754,0.43767219293965987
20130802,-1.7106299192953125,5.091311655490754,0.4330002285748512
20130809,-1.7092722884873637,5.091311655490754,0.4238892355405277
20130816,-1.7079146576794149,5.091311655490754,0.4258527518278983
20130823,-1.9556287704857156,5.091311655490754,0.4180371240172367
20130830,-1.459617111609368,5.091311655490754,0.4279544858130198
20130906,-0.4085210891932818,5.091311655490754,0.43644028651111477
20130913,0.4157951085427893,5.1574268434760056,0.43644028651111477
20130920,0.6450540651385193,5.102652589294375,0.43644028651111477
20130927,1.1550111278134942,5.098882342073085,0.43644028651111477
20131004,1.1536534970055454,5.137187906047704,0.43644028651111477
20131011,1.1522958661975966,5.261757022032829,0.43644028651111477
20131018,1.487877251633634,5.307814422412068,0.43644028651111477
20131025,0.5449898636156592,5.313454697174129,0.43644028651111477
20131101,-1.2074301019371292,5.313454697174129,0.4386625658891159
20131108,-0.8123094269076221,5.313454697174129,0.44549295615672746
20131115,-0.8109517960996733,5.313454697174129,0.4471231177433275
20131122,-0.6907228073218531,5.313454697174129,0.4461668194182301
20131129,-0.7662827248684827,5.313454697174129,0.44598890391604645
20131206,-1.1051237757362729,5.313454697174129,0.4386335372365783
20131213,-1.1374898032766778,5.313454697174129,0.4492576741104243
20131220,-1.5808994149613382,5.313454697174129,0.45487858373554046
20131227,-1.02040401389665,5.313454697174129,0.45126455342554345
20140103,-0.6944985680857072,5.313454697174129,0.4539750434418882
20140110,-0.4494244224561117,5.313454697174129,0.45307071456720216
20140117,-0.4064518890757995,5.313454697174129,0.43899097758529104
20140124,0.6060545634644683,5.290601423034657,0.43899097758529104
20140131,0.19339813987417165,5.333428806607435,0.43899097758529104
20140207,1.7288803575581622,5.4569243103701055,0.43899097758529104
20140214,3.2284838166422007,5.483576258307091,0.43899097758529104
20140221,4.027929291852131,5.552858055718929,0.43899097758529104
20140228,4.367425137812431,5.608373462224926,0.43899097758529104
20140307,4.1498919254969575,5.4981493717493874,0.43899097758529104
20140314,3.870451197616663,5.573971336869639,0.43899097758529104
20140321,3.8690935668087136,5.5473932751741515,0.43899097758529104
20140328,3.9980476273700316,5.569700779939757,0.43899097758529104
20140404,3.993083954833665,5.422177945766973,0.43899097758529104
20140411,4.1069689618455465,5.590007702881473,0.43899097758529104
20140418,4.834484310601052,5.590007702881473,0.43899097758529104
20140425,4.816584728006157,5.64322584448382,0.43899097758529104
20140502,2.2269678219073845,5.635246014093985,0.43899097758529104
20140509,2.2416434029198804,5.633386093099507,0.43899097758529104
20140516,1.9799831474060912,5.7013938847451415,0.43899097758529104
20140523,1.9318308511924656,5.77471118767439,0.43899097758529104
20140530,2.15081213196058,5.8523749866239605,0.43899097758529104
20140606,2.603552127658708,5.812507641179287,0.43899097758529104
20140613,2.7664357684016467,5.8926930853997,0.43899097758529104
20140620,2.9436218659678723,5.886959010207074,0.43899097758529104
20140627,2.9208689308314213,5.9370639173509545,0.43899097758529104
20140704,3.000973743498417,5.9370639173509545,0.43899097758529104
20140711,2.9715530425237504,5.969199943455099,0.43899097758529104
20140718,2.5177152757195107,5.9695620235865885,0.43899097758529104
20140725,2.4808685347447432,5.809063492870471,0.43899097758529104
20140801,1.7857604186928926,5.828495761266196,0.43899097758529104
20140808,2.125861804549205,5.899315831765062,0.43899097758529104
20140815,2.1253214782154366,5.9999178477745305,0.43899097758529104
20140822,2.7228525277435693,6.045089138812278,0.43899097758529104
20140829,2.7384822083682607,6.0395673194939725,0.43899097758529104
20140905,2.776249306584413,5.972876044863726,0.43899097758529104
20140912,2.4879606933369223,6.047659532461868,0.43899097758529104
20140919,2.2947262379000217,5.964783831895829,0.43899097758529104
20140926,2.6019444690808657,5.919811578292906,0.43899097758529104
20141003,2.8851806999307854,5.733995800454605,0.43899097758529104
20141010,2.770842359348473,5.675727230266065,0.43899097758529104
20141017,2.7704189587404766,5.909824192375217,0.43899097758529104
20141024,2.345897317855121,6.07067223941696,0.43899097758529104
20141031,1.944471582544221,6.11239578024246,0.43899097758529104
20141107,1.9862440610672345,6.136160163979761,0.43899097758529104
20141114,1.8016693323213464,6.207394198297655,0.43899097758529104
20141121,1.7091267077358148,6.17713165801603,0.43899097758529104
20141128,1.4678379474390424,6.200465324340615,0.43899097758529104
20141205,1.7506354111337057,5.982247387282038,0.43899097758529104
20141212,1.3677241682220955,6.186363006305295,0.43899097758529104
20141219,2.0893772955979077,6.24587735390352,0.43899097758529104
20141226,1.7453482676308207,6.041974208789042,0.43899097758529104
20150102,1.7258678750090797,6.002667346458603,0.43899097758529104
20150109,1.2500748855625954,5.928133375297914,0.43899097758529104
20150116,0.8750473094022796,6.0387161367936395,0.43899097758529104
20150123,0.3836551706283804,5.871459409741371,0.43899097758529104
20150130,0.7155815985994325,6.04945817430832,0.43899097758529104
20150206,0.9786630471692296,6.171655833179877,0.43899097758529104
20150213,0.7886432426890883,6.208944708372474,0.43899097758529104
20150220,0.8081908778425518,6.191879749499012,0.43899097758529104
20150227,0.3216823408548807,6.094080737403717,0.43899097758529104
20150306,0.6945924616860113,6.0415325591908084,0.43899097758529104
20150313,1.5843611313593668,6.202471991790487,0.43899097758529104
20150320,2.1220267128974677,6.063952542242835,0.43899097758529104
20150327,2.2828726906469288,6.121620132503001,0.43899097758529104
20150403,2.2801644947511868,6.121620132503001,0.43899097758529104
20150410,2.7927220367061394,6.060813018422147,0.43899097758529104
20150417,2.911647865088097,6.1671374810250805,0.43899097758529104
20150424,4.319202056249976,6.13976308271501,0.43899097758529104
20150501,2.88769336359811,6.162507539613725,0.43899097758529104
20150508,2.2698772191117396,6.181815084587787,0.43899097758529104
20150515,2.6229455754055984,6.191512941964384,0.43899097758529104
20150522,2.365507650412624,6.149780880251319,0.43899097758529104
20150529,0.9762496383496082,6.107292457864737,0.43899097758529104
20150605,-0.11816728662381093,6.107292457864737,0.4392594758202669
20150612,-1.5801006094677623,6.107292457864737,0.4425904320385433
20150619,-1.6988031174984484,6.107292457864737,0.44080747634199635
20150626,-1.0813667847683903,6.107292457864737,0.43394205230801175
20150703,-1.0155530011422145,6.107292457864737,0.43394205230801175
20150710,-2.2407318051615324,6.107292457864737,0.44439446200766547
20150717,-2.1594946612713084,6.107292457864737,0.43457517297856135
20150724,-2.156786465375567,6.107292457864737,0.4396300883540885
20150731,-2.794250162592708,6.107292457864737,0.434140559335444
20150807,-3.327611070806788,6.107292457864737,0.4370598019243009
20150814,-2.9159700133764668,6.107292457864737,0.41184810403262967
20150821,-3.1106526825000267,6.107292457864737,0.41560530033338045
20150828,-1.8921630313997813,6.107292457864737,0.40146877627058947
20150904,-1.6705491756465438,6.107292457864737,0.4081159823433586
20150911,-0.2280985880311571,6.107292457864737,0.40748748312192107
20150918,0.40285544085718616,6.024043468806544,0.40748748312192107
20150925,1.867978078434226,6.08648792023687,0.40748748312192107
20151002,2.241755823972178,6.284644469074415,0.40748748312192107
20151009,2.752780475702948,6.341474386754663,0.40748748312192107
20151016,3.0957953195730115,6.472601113219877,0.40748748312192107
20151023,2.0440461557158724,6.485733165773583,0.40748748312192107
20151030,0.16883300047845728,6.5476156332699045,0.40748748312192107
20151106,-0.06809763241273803,6.5476156332699045,0.39270365519696177
20151113,1.1290861002320736,6.7616465211465195,0.39270365519696177
20151120,0.22975623747202836,6.733294547227134,0.39270365519696177
20151127,-0.5081329885460708,6.733294547227134,0.39300048481580657
20151204,-1.2987808685557551,6.733294547227134,0.37809733085281505
20151211,-2.5255165520268337,6.733294547227134,0.376815954472941
20151218,-2.538619043020151,6.733294547227134,0.38638876689215107
20151225,-2.1605936742191343,6.733294547227134,0.38638876689215107
20160101,0.18995496398628772,6.733294547227134,0.38638876689215107
20160108,0.3877355962858733,6.587210006448153,0.38638876689215107
20160115,0.9553396479591756,6.575824540587417,0.38638876689215107
20160122,2.0272355823945576,6.690795311915674,0.38638876689215107
20160129,2.488776731765147,6.483234094157617,0.38638876689215107
20160205,2.4883347175688133,6.430576392659125,0.38638876689215107
20160212,3.0162605920529533,6.708934124861505,0.38638876689215107
20160219,2.8893036597968798,6.814827171544306,0.38638876689215107
20160226,1.5541723580122428,6.996527698898265,0.38638876689215107
20160304,2.0921722511414216,7.07418937363779,0.38638876689215107
20160311,2.3111297223463416,7.170007779307469,0.38638876689215107
20160318,3.0958179614110297,7.126174212437218,0.38638876689215107
20160325,3.686338423233968,7.126174212437218,0.38638876689215107
20160401,4.122542815517637,7.039605718990777,0.38638876689215107
20160408,4.002674019912532,7.153505977030528,0.38638876689215107
20160415,4.354701157951034,7.19080838610831,0.38638876689215107
20160422,3.8386908482280266,7.100458198272772,0.38638876689215107
20160429,1.6166268396516397,7.0724037533036554,0.38638876689215107
20160506,2.4339367540320795,7.036202150722055,0.38638876689215107
20160513,1.2712864288375976,7.0558332961673855,0.38638876689215107
20160520,1.3067447515846238,7.216524403710736,0.38638876689215107
20160527,1.1144345751242548,7.2521069809833945,0.38638876689215107
20160603,1.739243626716663,7.241535883929457,0.38638876689215107
20160610,2.1512537442299786,7.15568337742602,0.38638876689215107
20160617,2.9247720121409286,7.038876274573534,0.38638876689215107
20160624,2.9177315501018435,7.265304612075683,0.38638876689215107
20160701,2.9261882992722548,7.383493724143728,0.38638876689215107
20160708,2.7756777950126303,7.49387031494193,0.38638876689215107
20160715,1.9449907014685772,7.539941456340632,0.38638876689215107
20160722,0.5737475442358531,7.534984469134545,0.38638876689215107
20160729,0.2558969772300774,7.567119841808596,0.38638876689215107
20160805,-0.05391401003163476,7.567119841808596,0.3865976260757304
20160812,-0.41617323831778463,7.567119841808596,0.38656577640081713
20160819,-0.6427821286558731,7.567119841808596,0.38394071158055665
20160826,-0.4024660955859392,7.567119841808596,0.3858771851618032
20160902,-0.3048246363949417,7.567119841808596,0.3821706164938954
20160909,-1.0748423746662783,7.567119841808596,0.3842091350636232
20160916,-1.0311586164756967,7.567119841808596,0.38879451940315507
20160923,-0.5420663282588107,7.567119841808596,0.38943752839389634
20160930,-0.5409184954003778,7.567119841808596,0.38682782622650247
20161007,-0.7417019495326136,7.567119841808596,0.3830991730102243
20161014,-0.37958403620378267,7.567119841808596,0.3845683500366677
20161021,0.09658459061621327,7.5149915458129835,0.3845683500366677
20161028,-0.2185261640113796,7.5149915458129835,0.37711177014999303
20161104,-0.005696824479949125,7.5149915458129835,0.39144801841622356
20161111,-0.1069130889106421,7.5149915458129835,0.3946039004624932
20161118,-0.3005850870503332,7.5149915458129835,0.39818842628224627
20161125,-1.014217250725552,7.5149915458129835,0.39433847463481436
20161202,-1.4032310753048869,7.5149915458129835,0.4064963365705141
20161209,-1.2806041256511564,7.5149915458129835,0.40623368513839375
20161216,-0.9218943160060384,7.5149915458129835,0.4072627253489452
20161223,-1.1645553651172769,7.5149915458129835,0.4061905102061903
20161230,-1.2857143607213997,7.5149915458129835,0.4116460725878077
20170106,-1.5372183681612357,7.5149915458129835,0.41122301765033575
20170113,-1.7346307819422218,7.5149915458129835,0.4095164084206153
20170120,-2.0565535117332425,7.5149915458129835,0.4137317929595951
20170127,-2.3831696626549546,7.5149915458129835,0.41422400757809097
20170203,-2.4081600991081675,7.5149915458129835,0.41759203677070283
20170210,-2.40690965721181,7.5149915458129835,0.4239133089599768
20170217,-2.222268082074626,7.5149915458129835,0.4272650953177297
20170224,-2.636133956378477,7.5149915458129835,0.4301131253194089
20170303,-2.6438591492838883,7.5149915458129835,0.4282144387117838
20170310,-2.4845926715039184,7.5149915458129835,0.4292341510584814
20170317,-2.481884475608177,7.5149915458129835,0.4230489884635241
20170324,-2.483404721406932,7.5149915458129835,0.4264312418547692
20170331,-2.063241730641691,7.5149915458129835,0.42513538481001883
20170407,-2.0615428367532145,7.5149915458129835,0.4239568243331126
20170414,-1.8541285963467844,7.5149915458129835,0.4239568243331126
20170421,-2.4843982301309437,7.5149915458129835,0.4303666576656585
20170428,-2.3108065039494736,7.5149915458129835,0.4330905360608899
20170505,-1.8643875471424456,7.5149915458129835,0.4315760509957709
20170512,-2.1280442558816803,7.5149915458129835,0.4299208086657224
20170519,-1.762206380492085,7.5149915458129835,0.43607433501989185
20170526,-1.5401926332410532,7.5149915458129835,0.4397350383618236
20170602,-1.160165303483235,7.5149915458129835,0.4384189273859895
20170609,-0.8078874326243994,7.5149915458129835,0.4386677035372636
20170616,-0.475921549942177,7.5149915458129835,0.4395962131845781
20170623,-0.2336803694115883,7.5149915458129835,0.4369117003242006
20170630,-0.09039772508854936,7.5149915458129835,0.4376364616470128
20170706,0.09365078556708163,7.633747211020537,0.4376364616470128
20170714,0.19551683873253775,7.674938283862323,0.4376364616470128
20170721,-0.3596511483347967,7.674938283862323,0.43755859264609204
20170728,-1.4274345994240862,7.674938283862323,0.4383957931274636
20170804,-1.7557669193420882,7.674938283862323,0.432110566241619
20170811,-2.2152047171009044,7.674938283862323,0.42931929281170217
20170818,-2.563631781272049,7.674938283862323,0.43241677069194717
20170825,-2.4827267966958795,7.674938283862323,0.4383462283484163
20170901,-1.8041764731505048,7.674938283862323,0.4403923440026648
20170908,-1.8053435658824784,7.674938283862323,0.44733434298626046
20170915,-0.9243155819390748,7.674938283862323,0.4476903867596951
20170922,-0.589933891948759,7.674938283862323,0.4507570532414142
20170929,-0.5309662260975011,7.674938283862323,0.4561191988815534
20171006,-0.6577148826874457,7.674938283862323,0.4568062133188852
20171013,-0.004980230090986582,7.674938283862323,0.46074955710898585
20171020,0.2635409437448971,7.692403251862199,0.46074955710898585
20171027,0.537676483158094,7.7125800477225015,0.46074955710898585
20171103,0.3654699975431863,7.69606898335916,0.46074955710898585
20171110,0.3299669320755212,7.685787040757063,0.46074955710898585
20171117,0.7652138783159018,7.753052238119989,0.46074955710898585
20171124,0.7959855021011579,7.8716233635437405,0.46074955710898585
20171201,1.560341699140992,7.8992701506744565,0.46074955710898585
20171208,1.7366157770944393,7.971693957357404,0.46074955710898585
20171215,1.8788547047287152,7.994127196396972,0.46074955710898585
20171222,1.5401982180127345,8.031277364113388,0.46074955710898585
20171229,2.092537915656348,8.253866468843425,0.46074955710898585
